employee_id,resign
20054,0
20081,0
20085,0
20123,0
20131,0
20183,0
20187,1
20220,0
20228,0
20229,0
20249,0
20251,0
20263,0
20290,1
20296,0
20315,1
20346,0
20392,0
20394,0
20401,0
20409,0
20420,1
20426,1
20442,0
20464,0
20467,0
20499,0
20503,0
20504,0
20505,1
20510,0
20515,0
20530,1
20536,0
20542,0
20577,1
20584,0
20592,0
20624,0
20635,1
20642,0
20646,0
20670,0
20694,0
20703,0
20713,0
20752,0
20756,0
20763,0
20764,0
20783,0
20784,1
20790,0
20793,1
20797,0
20798,0
20799,0
20819,0
20865,0
20866,0
20879,0
20889,1
20891,0
20892,0
20915,1
20917,1
20918,1
20926,0
20927,1
20929,0
20938,0
20948,0
20950,0
20954,1
20957,0
20961,1
20963,0
20964,0
20965,0
20966,0
20983,0
21013,0
21037,1
21065,0
21071,0
21075,0
21081,1
21097,0
21099,1
21133,1
21141,0
21142,1
21146,1
21164,0
21170,1
21181,1
21211,1
21226,0
21231,0
21240,0
21241,0
21253,0
21263,0
21284,0
21305,1
21329,0
21338,0
21348,0
21357,0
21358,0
21376,0
21382,0
21389,0
21390,0
21413,0
21422,1
21425,0
21431,0
21465,0
21468,1
21471,0
21492,0
21504,0
21506,0
21538,0
21544,0
21560,0
21565,0
21581,0
21584,0
21591,0
21599,0
21624,0
21633,0
21638,0
21655,1
21666,0
21677,0
21685,1
21697,0
21711,0
21735,1
21739,0
21756,0
21758,0
21793,0
21820,0
21862,0
21869,1
21878,0
21879,1
21914,0
21940,1
21953,0
21956,0
21970,0
21979,0
21982,0
22004,0
22015,1
22042,0
22052,0
22065,0
22074,1
22081,0
22089,0
22103,0
22117,0
22127,0
22158,1
22162,0
22166,0
22205,0
22213,0
22220,0
22226,1
22236,0
22254,1
22272,1
22282,0
22289,1
22293,0
22320,0
22324,0
22327,1
22335,0
22365,0
22366,0
22410,0
22416,0
22424,1
22426,0
22455,1
22462,0
22467,0
22476,0
22530,0
22568,0
22599,0
22604,0
22612,0
22613,0
22635,0
22637,1
22666,0
22677,0
22678,1
22686,0
22693,1
22702,0
22708,1
22724,0
22725,0
22738,0
22744,1
22773,0
22810,1
22827,1
22860,0
22867,0
22870,0
22874,0
22879,0
22883,1
22890,0
22896,0
22905,0
22908,0
22924,0
22937,0
22953,1
22954,0
22959,1
22969,1
22983,1
22984,0
22990,1
22996,0
23012,0
23014,0
23015,0
23041,1
23046,0
23059,0
23062,0
23074,1
23083,0
23106,1
23114,0
23115,1
23123,0
23157,0
23169,1
23178,0
23183,0
23186,0
23190,1
23195,0
23197,0
23212,1
23220,1
23229,0
23233,0
23234,0
23236,0
23250,0
23257,0
23260,0
23264,0
23272,0
23274,0
23282,0
23288,0
23321,0
23351,1
23353,0
23355,0
23363,0
23368,0
23381,1
23395,1
23397,0
23399,0
23400,0
23408,0
23411,0
23414,1
23431,0
23436,0
23445,1
23459,0
23462,0
23497,0
23523,0
23539,0
23542,0
23544,0
23547,0
23548,0
23560,0
23604,0
23606,1
23609,0
23620,0
23636,0
23646,0
23652,1
23655,0
23661,0
23694,0
23706,0
23707,0
23736,0
23748,0
23774,0
23791,0
23797,1
23801,1
23804,1
23810,0
23822,0
23835,1
23853,0
23885,1
23889,0
23896,0
23909,1
23914,0
23980,0
23982,0
23996,0
24018,0
24024,0
24028,1
24052,0
24096,0
24101,0
24103,0
24111,0
24125,0
24145,0
24150,0
24156,0
24171,1
24172,0
24175,0
24178,0
24188,0
24192,0
24196,0
24210,0
24218,0
24222,0
24230,0
24265,1
24295,0
24315,0
24321,1
24344,0
24347,0
24402,1
24405,0
24413,0
24441,0
24450,1
24458,1
24493,0
24510,0
24513,0
24544,0
24559,0
24565,1
24572,0
24577,0
24580,1
24596,1
24602,0
24615,0
24619,0
24625,1
24636,0
24639,0
24641,0
24647,1
24679,0
24693,0
24721,0
24722,0
24739,0
24747,1
24792,0
24807,1
24810,0
24815,0
24817,0
24853,0
24854,1
24862,0
24869,0
24895,0
24898,0
24901,0
24907,0
24920,1
24927,1
24942,0
24962,0
24970,0
20056,0
20061,0
20066,1
20074,1
20075,0
20077,0
20080,0
20083,1
20090,1
20093,1
20096,0
20098,0
20099,0
20102,0
20103,0
20105,0
20109,0
20117,0
20118,0
20120,0
20122,1
20127,0
20130,0
20134,0
20135,0
20137,0
20139,1
20145,0
20150,0
20154,0
20156,0
20158,0
20162,0
20164,1
20182,0
20198,1
20207,1
20209,0
20210,0
20219,0
20230,0
20232,1
20238,1
20242,0
20243,0
20250,1
20254,1
20259,0
20264,1
20270,0
20273,1
20277,0
20288,0
20298,0
20299,0
20309,0
20310,0
20312,1
20317,0
20321,0
20328,0
20329,0
20331,0
20338,1
20341,0
20342,0
20344,0
20345,1
20348,0
20349,0
20350,1
20353,0
20359,0
20360,0
20361,1
20369,1
20386,0
20387,0
20391,1
20393,1
20396,0
20399,1
20405,0
20408,0
20411,0
20414,0
20415,0
20418,0
20424,1
20429,0
20432,0
20435,0
20441,0
20445,0
20446,0
20451,0
20456,0
20458,0
20459,0
20463,0
20465,0
20469,0
20472,0
20475,0
20478,0
20487,0
20488,0
20508,0
20511,1
20516,0
20518,0
20521,0
20534,1
20545,1
20546,0
20547,1
20548,0
20549,0
20559,0
20560,1
20569,0
20572,0
20573,1
20585,1
20587,0
20591,0
20593,0
20601,0
20602,0
20605,0
20611,0
20615,1
20616,1
20617,1
20620,0
20621,1
20625,0
20627,0
20628,1
20636,0
20638,0
20644,1
20647,1
20649,0
20650,1
20651,1
20652,0
20653,0
20654,0
20659,0
20662,0
20664,0
20675,1
20678,0
20681,0
20684,0
20687,0
20689,0
20690,0
20699,0
20700,0
20702,0
20704,1
20708,0
20711,0
20718,0
20724,0
20726,0
20729,0
20730,0
20731,0
20734,0
20735,0
20739,0
20741,0
20750,0
20751,0
20755,1
20759,0
20761,0
20767,0
20769,0
20771,0
20774,0
20780,0
20785,1
20787,0
20788,0
20792,0
20809,1
20810,0
20813,0
20815,0
20820,0
20822,0
20825,0
20831,1
20837,1
20844,0
20847,0
20858,1
20861,0
20874,0
20877,0
20884,0
20893,0
20905,1
20906,0
20908,0
20909,0
20914,0
20922,0
20923,0
20936,0
20937,0
20940,0
20942,1
20944,0
20945,1
20949,1
20959,0
20962,0
20975,0
20980,0
20981,1
20985,1
20988,1
20991,0
20998,1
21014,0
21028,0
21032,0
21057,0
21062,0
21063,1
21064,0
21066,0
21067,0
21069,0
21072,1
21073,0
21076,1
21079,0
21083,0
21084,1
21086,0
21090,0
21092,0
21096,0
21104,0
21114,0
21119,0
21122,0
21123,1
21128,0
21130,0
21132,0
21134,0
21137,0
21138,0
21152,0
21156,0
21161,0
21162,0
21167,0
21168,0
21173,0
21180,0
21187,0
21189,0
21193,1
21200,1
21201,1
21208,0
21210,0
21220,0
21221,0
21223,0
21238,0
21248,0
21250,0
21256,1
21267,0
21268,0
21275,1
21279,1
21281,0
21293,0
21303,0
21304,0
21307,1
21309,1
21310,1
21317,0
21320,0
21321,0
21323,0
21324,1
21325,0
21328,0
21331,0
21339,0
21341,0
21343,0
21344,0
21345,0
21347,0
21351,0
21362,0
21366,0
21369,1
21372,0
21378,1
21379,0
21386,0
21391,0
21393,0
21394,0
21403,0
21409,0
21411,1
21415,1
21420,0
21423,1
21428,1
21436,0
21438,0
21446,0
21447,1
21457,0
21466,1
21472,0
21477,0
21478,0
21479,0
21486,1
21489,0
21491,0
21493,0
21496,0
21499,0
21500,0
21510,0
21515,0
21519,0
21521,0
21528,0
21530,1
21531,0
21539,0
21540,0
21545,1
21552,0
21555,0
21558,0
21561,1
21567,0
21569,0
21570,0
21572,0
21580,1
21595,0
21605,0
21614,0
21616,0
21620,0
21621,0
21623,0
21626,1
21632,0
21635,0
21636,1
21637,1
21641,1
21643,0
21646,1
21653,0
21654,0
21656,0
21658,0
21662,0
21663,0
21665,1
21671,0
21678,0
21679,1
21682,0
21684,0
21692,0
21693,0
21696,0
21699,0
21704,1
21712,0
21719,0
21721,1
21722,1
21737,1
21738,0
21742,0
21747,0
21753,0
21754,0
21759,0
21760,0
21761,0
21762,0
21764,0
21765,0
21768,0
21770,0
21780,0
21789,0
21790,1
21799,1
21801,0
21805,0
21810,0
21815,0
21816,0
21821,0
21826,0
21828,0
21829,0
21830,0
21836,0
21838,0
21841,0
21849,0
21856,1
21858,0
21860,0
21865,0
21868,0
21870,1
21874,0
21876,0
21880,1
21887,0
21888,0
21889,0
21890,0
21891,1
21893,1
21902,0
21905,0
21917,0
21927,0
21931,0
21932,0
21933,0
21959,1
21964,0
21968,1
21972,0
21974,0
21978,0
21983,1
21984,1
21991,0
21993,0
21995,0
21996,0
21997,1
22002,0
22005,0
22007,1
22008,0
22009,0
22011,0
22023,0
22025,1
22027,0
22030,0
22034,0
22035,0
22038,0
22041,0
22046,0
22049,0
22053,0
22055,1
22062,0
22066,0
22068,0
22072,0
22073,0
22078,0
22079,0
22084,0
22109,1
22111,1
22119,0
22121,0
22122,0
22125,0
22128,0
22129,0
22141,0
22143,1
22148,0
22150,1
22153,0
22156,0
22157,0
22164,1
22168,0
22170,1
22174,0
22181,0
22182,0
22183,0
22184,1
22187,0
22191,1
22195,1
22200,0
22204,0
22206,0
22208,1
22209,0
22214,0
22215,1
22219,1
22222,0
22225,0
22233,0
22237,1
22244,0
22277,0
22281,1
22284,0
22287,0
22288,0
22291,0
22292,0
22298,0
22300,0
22307,1
22309,1
22312,1
22313,0
22314,1
22317,0
22332,0
22333,0
22334,1
22337,1
22347,0
22349,0
22350,1
22354,0
22355,1
22356,0
22358,0
22360,1
22361,0
22362,0
22363,0
22369,0
22372,0
22383,0
22384,0
22387,0
22389,0
22396,0
22398,0
22400,0
22408,0
22412,0
22413,0
22418,0
22419,0
22422,1
22425,1
22433,0
22434,0
22438,0
22440,0
22441,0
22442,1
22443,0
22452,0
22453,0
22456,0
22457,1
22461,0
22463,0
22465,0
22480,1
22481,0
22487,0
22489,0
22492,0
22496,1
22500,1
22501,0
22504,1
22507,1
22510,0
22511,0
22524,0
22525,0
22527,1
22529,1
22531,0
22536,0
22542,0
22545,0
22547,0
22548,0
22549,0
22554,0
22555,1
22556,1
22557,0
22566,0
22567,0
22571,1
22576,0
22577,0
22581,0
22586,0
22595,0
22596,1
22600,1
22601,0
22606,0
22607,0
22616,0
22620,0
22621,1
22624,0
22626,0
22632,0
22633,0
22638,0
22642,0
22650,0
22652,0
22668,1
22670,0
22672,0
22680,0
22681,1
22682,0
22684,0
22685,0
22687,0
22688,0
22691,0
22694,1
22701,0
22703,0
22705,0
22710,0
22712,0
22717,0
22726,0
22727,0
22728,0
22731,0
22735,0
22736,0
22745,1
22759,0
22761,0
22763,0
22765,0
22768,1
22785,0
22788,0
22796,1
22801,0
22803,0
22807,1
22816,0
22817,0
22821,0
22822,0
22828,1
22829,0
22830,0
22833,1
22835,0
22843,0
22845,0
22847,0
22849,0
22850,0
22852,0
22853,0
22855,0
22857,0
22864,0
22865,1
22869,0
22876,1
22878,1
22886,0
22887,0
22889,0
22892,0
22898,0
22910,1
22916,0
22917,0
22925,1
22929,0
22932,0
22943,0
22950,1
22952,0
22957,0
22961,1
22974,0
22976,0
22978,0
22979,0
22982,0
22987,0
22988,1
22991,1
22992,0
22997,0
22999,0
23001,0
23003,1
23005,0
23011,0
23016,0
23022,0
23023,1
23028,1
23034,1
23036,0
23037,0
23039,1
23052,0
23053,1
23057,0
23058,0
23063,0
23066,0
23067,1
23072,0
23073,0
23076,1
23077,0
23098,1
23102,0
23103,0
23109,0
23112,1
23113,1
23122,0
23125,1
23128,0
23131,0
23137,0
23139,1
23141,0
23144,0
23148,1
23156,1
23158,0
23172,0
23173,0
23175,0
23181,0
23187,0
23198,0
23200,0
23205,0
23206,0
23207,0
23208,0
23209,0
23210,0
23215,0
23217,0
23218,0
23225,0
23227,0
23230,0
23231,0
23232,0
23238,0
23241,0
23243,1
23245,0
23249,0
23253,0
23261,0
23262,0
23263,0
23266,0
23270,0
23271,0
23275,0
23285,0
23286,0
23290,1
23291,0
23298,1
23299,0
23304,1
23305,1
23313,0
23317,0
23325,0
23331,0
23333,0
23335,0
23341,1
23359,0
23361,0
23370,1
23371,0
23374,1
23382,1
23388,0
23391,0
23402,1
23404,0
23412,1
23417,0
23424,0
23434,0
23435,0
23437,0
23444,1
23448,0
23456,0
23460,0
23472,0
23480,0
23486,0
23500,0
23502,0
23506,1
23507,0
23515,0
23517,0
23518,0
23520,1
23526,0
23527,0
23530,0
23531,0
23534,0
23540,0
23543,0
23549,0
23551,1
23555,0
23556,0
23557,0
23564,0
23568,0
23571,1
23578,0
23581,1
23586,1
23587,0
23588,0
23590,1
23598,0
23599,0
23613,0
23622,0
23629,0
23635,0
23637,0
23649,1
23650,0
23651,0
23659,0
23663,1
23674,0
23676,0
23679,0
23680,1
23686,1
23692,0
23695,0
23700,0
23702,1
23710,0
23711,0
23714,0
23716,0
23720,0
23727,0
23728,0
23729,0
23735,0
23738,0
23742,0
23745,1
23747,0
23749,0
23751,0
23754,1
23760,1
23761,0
23763,1
23768,1
23776,1
23777,0
23780,0
23784,0
23786,1
23788,0
23792,1
23794,0
23796,0
23809,0
23812,0
23817,0
23818,1
23820,0
23824,0
23830,0
23834,0
23836,0
23842,0
23845,0
23854,0
23856,1
23859,0
23861,0
23863,0
23868,0
23872,0
23874,1
23877,1
23882,0
23884,0
23891,0
23894,0
23898,0
23905,0
23915,1
23917,0
23919,0
23920,1
23923,0
23930,1
23935,0
23936,1
23946,0
23947,1
23948,1
23951,0
23952,0
23953,0
23954,1
23955,0
23957,0
23958,0
23959,0
23962,1
23973,0
23978,0
23985,0
23986,1
23990,0
23991,1
23994,0
23997,0
24003,0
24006,1
24009,1
24013,0
24015,0
24020,1
24023,0
24026,0
24030,0
24037,0
24038,1
24040,1
24042,1
24043,0
24045,0
24048,1
24054,1
24059,1
24060,0
24061,1
24066,0
24070,0
24073,0
24080,1
24094,0
24097,0
24110,1
24112,1
24116,0
24118,0
24119,1
24122,0
24123,0
24138,1
24139,0
24140,1
24147,1
24149,0
24155,0
24159,0
24180,0
24185,0
24189,0
24193,1
24198,1
24199,0
24201,0
24206,0
24212,0
24219,1
24231,0
24234,1
24237,0
24238,1
24247,0
24253,0
24254,0
24255,0
24256,1
24260,1
24261,1
24262,0
24273,0
24275,0
24278,1
24279,0
24281,0
24287,0
24293,0
24296,1
24297,0
24299,0
24303,0
24307,0
24308,0
24312,0
24320,0
24323,1
24324,0
24325,0
24329,0
24336,0
24339,1
24342,1
24346,0
24348,0
24353,0
24354,0
24356,1
24363,0
24365,1
24372,1
24374,1
24380,0
24384,0
24385,0
24389,1
24397,0
24404,0
24410,0
24412,0
24414,0
24415,0
24416,1
24427,0
24429,0
24430,0
24435,0
24436,1
24437,0
24439,0
24440,0
24445,1
24454,1
24457,1
24462,1
24463,0
24465,1
24473,0
24477,0
24495,1
24509,0
24515,0
24517,0
24520,1
24526,0
24532,1
24533,0
24539,0
24540,0
24547,0
24549,0
24552,0
24555,1
24561,0
24571,0
24575,0
24585,0
24587,1
24589,0
24590,0
24592,1
24593,1
24594,0
24600,0
24605,0
24606,0
24608,1
24611,0
24614,0
24626,0
24627,0
24634,1
24635,0
24640,0
24643,1
24645,0
24648,0
24654,0
24657,1
24666,0
24667,0
24675,1
24676,0
24681,0
24682,0
24683,0
24689,1
24690,0
24691,0
24692,0
24699,0
24704,0
24709,0
24710,1
24712,0
24713,1
24719,0
24724,0
24730,0
24731,0
24735,0
24738,0
24745,1
24749,0
24752,1
24757,0
24759,1
24760,0
24762,0
24763,1
24781,0
24785,0
24786,0
24787,1
24788,1
24791,0
24794,0
24796,0
24814,0
24819,1
24821,0
24823,0
24829,0
24843,1
24845,0
24846,1
24848,0
24851,0
24856,0
24858,0
24860,1
24865,0
24867,1
24871,0
24874,1
24875,1
24880,1
24881,0
24882,1
24888,0
24891,1
24892,0
24915,0
24916,1
24918,0
24919,0
24928,0
24929,0
24934,1
24943,0
24946,1
24948,0
24951,1
24955,0
24958,0
24965,0
24975,1
24976,1
24977,0
24980,1
24986,0
24996,0
24997,0
20049,1
20050,0
20051,0
20052,1
20053,0
20055,0
20057,0
20058,1
20059,1
20060,0
20062,0
20063,0
20064,0
20065,0
20067,0
20068,0
20069,0
20070,1
20071,0
20072,1
20073,0
20076,0
20078,0
20079,0
20084,0
20086,0
20087,0
20088,0
20089,1
20091,1
20092,1
20094,0
20095,1
20097,0
20100,0
20101,0
20104,0
20106,0
20107,0
20108,0
20110,0
20111,0
20112,0
20113,0
20114,0
20115,0
20116,0
20119,1
20121,1
20124,1
20125,0
20126,0
20128,0
20129,0
20132,0
20133,0
20136,0
20140,0
20141,0
20142,0
20143,1
20144,0
20146,1
20148,1
20149,0
20151,0
20152,0
20153,0
20155,0
20157,1
20159,0
20160,0
20161,0
20163,1
20165,0
20166,0
20167,0
20168,1
20169,0
20170,0
20171,0
20172,1
20173,0
20174,0
20175,0
20176,0
20177,0
20178,1
20179,1
20180,1
20181,1
20184,1
20185,0
20186,0
20188,0
20189,1
20190,0
20191,1
20192,0
20193,1
20194,0
20195,0
20196,0
20197,0
20199,0
20200,0
20201,1
20202,0
20203,0
20204,0
20205,0
20206,1
20208,0
20211,0
20212,0
20213,0
20214,0
20215,0
20216,1
20217,0
20218,0
20221,0
20222,0
20223,0
20224,1
20225,0
20226,0
20227,0
20231,0
20233,0
20234,0
20235,0
20236,0
20239,0
20240,0
20241,0
20244,1
20245,0
20246,0
20247,0
20248,0
20252,0
20253,0
20255,0
20256,0
20257,0
20258,1
20260,0
20261,0
20262,0
20265,0
20266,1
20267,0
20268,0
20269,0
20271,0
20272,0
20274,0
20275,0
20276,1
20278,1
20279,0
20280,1
20281,0
20282,0
20283,0
20284,0
20285,0
20286,0
20287,0
20289,0
20291,0
20292,0
20293,0
20294,0
20295,0
20297,0
20300,0
20301,1
20302,0
20303,1
20304,0
20305,0
20306,1
20307,0
20308,0
20311,0
20313,1
20314,1
20316,0
20318,0
20319,0
20320,0
20322,1
20323,0
20324,0
20325,0
20326,0
20327,1
20330,0
20332,0
20333,1
20334,0
20335,0
20336,0
20337,0
20339,0
20340,1
20343,1
20347,1
20351,0
20352,0
20354,0
20355,0
20356,1
20357,1
20358,0
20362,1
20363,0
20364,0
20365,0
20366,0
20367,0
20368,0
20371,0
20372,0
20373,0
20374,0
20375,0
20376,0
20377,1
20378,0
20379,0
20380,0
20381,0
20382,1
20383,1
20384,1
20385,0
20388,0
20389,0
20390,1
20395,0
20397,0
20398,0
20400,0
20402,0
20403,0
20404,0
20406,0
20407,1
20410,1
20412,1
20413,0
20416,1
20417,0
20419,0
20421,0
20422,0
20423,0
20425,0
20427,1
20428,1
20430,0
20431,0
20433,0
20434,0
20436,0
20437,0
20438,0
20439,0
20440,0
20443,1
20444,1
20447,0
20448,0
20449,0
20450,0
20452,1
20453,0
20454,0
20455,0
20457,0
20460,1
20461,1
20462,1
20466,0
20468,0
20470,0
20471,0
20473,0
20474,0
20476,0
20477,0
20479,0
20480,1
20481,0
20482,0
20483,0
20484,0
20485,0
20486,0
20489,0
20490,1
20491,0
20492,0
20493,1
20494,0
20495,0
20496,0
20497,0
20498,0
20500,0
20501,0
20502,0
20506,0
20507,0
20509,1
20512,1
20513,0
20514,0
20517,0
20519,0
20520,0
20522,0
20523,0
20524,0
20525,1
20526,0
20527,1
20528,0
20529,0
20531,0
20532,0
20533,1
20535,0
20537,1
20538,0
20539,0
20540,0
20541,0
20543,0
20544,0
20550,0
20551,0
20552,0
20553,0
20554,0
20555,0
20556,0
20557,0
20558,0
20561,0
20562,0
20563,1
20564,0
20565,0
20566,0
20567,0
20568,0
20570,0
20571,0
20574,1
20575,0
20576,0
20578,0
20579,0
20580,0
20581,0
20582,0
20583,0
20586,0
20588,0
20589,0
20590,0
20594,1
20595,0
20596,0
20597,1
20598,1
20599,0
20600,0
20603,0
20604,0
20606,1
20607,1
20608,0
20609,0
20610,0
20612,0
20613,0
20614,0
20618,0
20619,0
20622,0
20623,0
20626,1
20630,0
20631,0
20632,0
20633,0
20634,0
20637,0
20639,0
20640,0
20641,0
20643,0
20645,0
20648,0
20655,0
20656,0
20657,0
20658,0
20660,1
20661,1
20663,0
20665,0
20666,1
20667,0
20668,0
20669,0
20671,0
20672,0
20673,0
20674,0
20676,0
20677,0
20679,1
20680,0
20682,0
20683,0
20685,0
20686,1
20688,0
20691,0
20692,0
20693,1
20695,0
20696,0
20697,0
20698,0
20701,0
20705,0
20706,0
20709,0
20710,1
20714,0
20715,0
20716,0
20717,0
20719,0
20720,0
20721,0
20722,0
20723,0
20725,0
20727,1
20728,0
20732,0
20736,0
20737,0
20738,0
20740,0
20742,0
20743,0
20744,0
20745,0
20746,1
20747,0
20748,0
20749,0
20753,0
20754,0
20757,1
20758,0
20760,0
20762,1
20765,0
20766,0
20768,0
20770,0
20772,0
20773,0
20775,0
20776,1
20777,0
20778,1
20779,0
20781,0
20782,0
20786,1
20789,0
20791,0
20794,0
20795,0
20796,1
20800,0
20801,0
20802,0
20803,0
20804,1
20805,0
20806,0
20807,0
20808,1
20811,0
20812,0
20814,0
20816,0
20817,0
20818,0
20821,0
20824,0
20827,0
20828,0
20829,0
20830,0
20832,1
20833,0
20834,0
20835,0
20836,0
20838,0
20839,0
20840,0
20841,0
20842,0
20843,0
20845,0
20846,1
20849,1
20850,0
20851,0
20852,0
20853,1
20854,0
20855,0
20856,0
20857,0
20859,1
20860,0
20862,0
20863,1
20864,0
20867,0
20868,1
20869,0
20870,0
20871,0
20872,1
20873,0
20875,0
20876,0
20878,0
20880,1
20881,1
20882,0
20883,0
20885,1
20886,0
20887,0
20888,0
20890,0
20894,0
20895,1
20896,0
20897,0
20898,0
20899,0
20900,0
20901,0
20902,0
20903,0
20904,0
20907,0
20910,0
20911,0
20912,0
20913,1
20916,0
20919,0
20920,1
20921,0
20924,0
20925,0
20928,0
20930,0
20931,0
20932,1
20933,0
20934,0
20935,1
20939,0
20941,0
20943,0
20946,0
20947,0
20951,0
20952,0
20953,0
20955,1
20956,0
20958,0
20960,0
20967,1
20968,0
20969,1
20970,0
20971,1
20972,0
20973,0
20974,0
20976,0
20977,0
20978,0
20979,0
20982,0
20984,0
20986,0
20987,0
20989,0
20990,0
20992,0
20993,1
20994,0
20995,0
20996,1
20997,0
20999,0
21000,0
21001,1
21002,0
21003,0
21004,0
21005,0
21006,0
21007,0
21008,1
21009,0
21010,0
21011,0
21012,0
21015,0
21016,0
21017,1
21018,0
21019,1
21020,0
21021,0
21022,0
21023,0
21024,0
21025,0
21026,0
21027,1
21029,0
21030,1
21031,0
21033,0
21034,0
21035,1
21036,0
21038,1
21039,0
21040,0
21041,0
21042,0
21043,0
21044,0
21045,0
21046,0
21047,0
21048,0
21049,0
21050,0
21051,0
21052,0
21053,0
21054,0
21056,1
21058,0
21059,0
21060,0
21061,1
21068,0
21070,1
21074,0
21077,0
21078,0
21080,0
21082,0
21085,0
21087,1
21088,0
21089,1
21091,0
21093,1
21094,0
21095,1
21098,0
21100,0
21101,1
21102,0
21103,0
21105,0
21106,0
21107,0
21108,0
21109,0
21110,0
21111,1
21112,0
21113,0
21115,0
21116,0
21117,1
21118,0
21120,0
21121,1
21124,1
21125,0
21126,0
21127,0
21129,0
21131,1
21135,0
21136,0
21139,0
21140,0
21143,0
21144,0
21145,0
21147,0
21148,0
21149,1
21150,0
21151,1
21153,0
21154,1
21155,1
21157,0
21158,0
21159,0
21160,0
21163,0
21165,0
21166,1
21169,0
21171,0
21172,0
21174,0
21175,0
21176,0
21177,0
21178,1
21179,0
21182,0
21183,0
21184,1
21185,1
21186,1
21188,0
21190,0
21191,0
21192,0
21194,0
21195,0
21196,0
21197,0
21198,0
21199,0
21202,1
21203,1
21204,1
21205,0
21206,0
21207,0
21209,0
21212,1
21213,0
21214,1
21215,1
21216,0
21217,0
21218,0
21219,1
21222,1
21224,0
21225,1
21227,1
21228,0
21229,0
21230,0
21232,1
21233,0
21234,0
21235,1
21236,0
21237,0
21239,0
21242,1
21243,0
21244,0
21245,1
21246,0
21247,0
21249,0
21251,0
21252,1
21254,0
21255,0
21257,0
21258,1
21259,1
21260,0
21261,0
21262,0
21265,1
21266,1
21269,0
21270,0
21271,0
21272,0
21273,0
21274,1
21276,1
21277,0
21278,0
21280,0
21282,0
21283,0
21285,1
21286,0
21287,0
21288,0
21289,1
21290,0
21291,0
21292,1
21294,0
21296,0
21297,0
21298,1
21299,0
21300,1
21301,0
21302,0
21306,0
21308,0
21311,1
21312,0
21313,0
21314,0
21315,0
21316,0
21318,0
21319,0
21322,0
21326,0
21327,1
21330,0
21332,0
21333,0
21334,0
21335,0
21337,0
21340,1
21342,0
21346,0
21349,0
21350,0
21352,0
21353,0
21354,0
21355,0
21356,0
21359,1
21360,1
21361,0
21363,0
21365,0
21367,0
21368,0
21370,0
21371,1
21373,1
21374,1
21375,0
21377,0
21380,1
21381,1
21383,0
21384,0
21385,0
21387,0
21388,0
21392,0
21395,0
21396,0
21397,0
21398,0
21399,1
21400,0
21401,0
21402,0
21404,1
21405,0
21406,0
21407,0
21408,0
21410,0
21412,1
21414,0
21416,0
21417,0
21418,0
21419,1
21421,0
21424,0
21426,0
21427,0
21429,0
21430,0
21432,0
21433,1
21434,0
21435,0
21437,1
21439,0
21440,1
21441,0
21442,0
21443,0
21444,1
21445,0
21448,0
21449,0
21450,0
21451,0
21452,1
21453,0
21454,0
21455,0
21456,0
21458,1
21459,0
21460,0
21461,1
21462,0
21463,0
21464,1
21467,0
21469,0
21470,0
21473,0
21474,0
21475,0
21476,0
21480,0
21481,0
21482,0
21483,0
21484,0
21485,0
21487,1
21488,0
21490,0
21494,0
21495,0
21497,1
21498,1
21501,0
21502,0
21503,0
21505,1
21507,0
21508,0
21509,0
21511,1
21512,0
21513,0
21514,0
21516,0
21517,1
21518,0
21520,0
21522,0
21523,0
21524,0
21525,0
21526,0
21527,1
21529,0
21532,1
21533,0
21534,0
21535,0
21536,1
21537,1
21541,0
21542,0
21543,0
21546,0
21547,0
21548,0
21549,0
21550,0
21551,0
21553,0
21554,1
21556,0
21557,0
21559,0
21562,0
21563,0
21564,0
21566,0
21568,0
21571,0
21573,1
21574,0
21575,0
21576,0
21577,0
21578,1
21579,0
21582,0
21583,0
21585,1
21586,1
21587,1
21588,0
21589,0
21590,0
21592,1
21593,0
21594,0
21596,0
21597,1
21598,0
21600,0
21601,0
21602,1
21603,0
21604,1
21606,0
21607,0
21608,0
21609,1
21610,0
21611,0
21612,0
21613,0
21615,0
21617,0
21618,0
21619,1
21625,0
21627,1
21628,0
21629,0
21630,1
21634,0
21639,0
21640,0
21642,0
21644,0
21645,0
21647,1
21648,0
21649,0
21650,1
21651,0
21652,0
21657,0
21659,0
21660,1
21661,0
21664,1
21667,0
21668,0
21669,0
21670,1
21672,0
21673,0
21674,0
21675,0
21676,0
21680,0
21681,0
21683,0
21686,0
21687,0
21688,0
21689,0
21690,0
21691,0
21694,1
21695,1
21698,0
21700,1
21701,1
21702,0
21703,0
21705,0
21706,0
21707,0
21708,0
21709,0
21710,0
21713,1
21714,1
21715,0
21716,0
21717,0
21720,0
21723,1
21724,1
21725,0
21726,0
21727,1
21728,0
21729,0
21730,0
21731,0
21732,1
21733,0
21734,1
21740,0
21741,1
21743,0
21744,0
21745,1
21746,0
21748,0
21749,0
21750,0
21751,1
21752,1
21755,0
21757,0
21763,0
21766,0
21767,0
21769,0
21772,0
21773,0
21774,0
21775,0
21776,0
21777,0
21778,0
21779,0
21781,0
21782,0
21783,0
21784,0
21785,1
21786,0
21787,0
21788,0
21791,1
21792,0
21794,0
21795,0
21796,0
21797,1
21798,0
21800,0
21802,0
21803,0
21804,1
21806,0
21807,0
21808,0
21809,0
21811,0
21812,0
21813,1
21814,0
21817,1
21818,0
21819,0
21822,0
21823,0
21824,0
21825,0
21827,0
21831,0
21832,1
21833,0
21834,0
21835,1
21837,1
21839,0
21840,0
21842,0
21843,1
21844,0
21845,0
21846,1
21847,0
21848,1
21850,0
21851,1
21852,0
21853,0
21854,0
21855,1
21857,0
21859,0
21861,0
21863,0
21864,0
21866,0
21867,0
21871,1
21872,0
21873,0
21875,1
21877,0
21881,1
21882,0
21883,1
21884,1
21885,0
21886,0
21892,1
21894,1
21895,1
21896,0
21897,0
21898,1
21899,1
21900,0
21901,0
21903,0
21904,0
21906,0
21907,0
21908,0
21909,0
21910,0
21911,0
21912,1
21913,0
21915,1
21916,0
21918,0
21919,0
21921,0
21922,1
21923,0
21924,0
21926,1
21928,0
21929,0
21930,1
21934,0
21935,0
21936,0
21937,0
21938,1
21939,0
21941,1
21942,0
21943,0
21944,0
21945,1
21946,0
21947,1
21948,1
21949,0
21950,1
21951,1
21952,0
21954,0
21955,0
21957,0
21958,0
21960,0
21961,1
21962,1
21963,0
21965,1
21966,1
21967,0
21969,0
21971,0
21973,0
21975,0
21976,0
21977,0
21980,0
21981,0
21985,1
21986,0
21987,0
21988,1
21989,0
21990,1
21992,0
21994,0
21998,0
21999,0
22000,0
22001,0
22003,0
22006,0
22010,0
22012,1
22013,1
22014,0
22016,0
22017,0
22018,0
22019,0
22020,0
22021,0
22022,0
22024,0
22026,0
22028,0
22029,0
22031,0
22032,0
22033,1
22036,0
22037,0
22039,0
22040,0
22043,1
22044,0
22045,0
22047,0
22048,0
22050,0
22051,0
22054,0
22056,0
22057,0
22058,1
22059,0
22060,0
22061,1
22063,1
22064,0
22067,0
22069,0
22070,0
22071,0
22075,0
22076,1
22077,1
22080,0
22082,0
22083,0
22085,0
22086,1
22087,0
22088,0
22090,0
22091,1
22092,0
22093,0
22094,0
22095,0
22096,0
22097,1
22098,1
22099,0
22100,0
22101,0
22102,0
22104,0
22105,0
22106,0
22107,0
22108,0
22110,1
22113,0
22114,0
22115,0
22116,0
22118,1
22120,0
22123,0
22124,0
22126,0
22130,1
22131,0
22132,0
22133,1
22134,0
22135,0
22136,0
22137,0
22138,0
22139,1
22140,0
22142,0
22144,0
22145,0
22146,0
22147,1
22149,0
22151,0
22152,0
22154,0
22155,0
22159,0
22160,0
22161,0
22163,0
22165,0
22167,0
22169,1
22171,1
22172,0
22173,0
22175,0
22176,0
22177,0
22178,0
22180,1
22185,0
22186,0
22188,0
22189,0
22190,0
22192,1
22193,0
22194,1
22196,0
22197,0
22198,0
22199,0
22201,0
22202,0
22203,0
22207,0
22211,0
22212,0
22216,1
22217,0
22218,0
22221,0
22223,1
22224,1
22227,1
22228,0
22229,0
22230,1
22231,0
22232,0
22234,0
22235,0
22238,1
22239,0
22240,0
22241,0
22242,0
22243,0
22245,1
22246,0
22247,1
22248,0
22249,0
22250,0
22251,0
22252,0
22253,0
22255,0
22256,0
22257,0
22258,0
22259,0
22260,0
22261,1
22262,0
22263,0
22264,0
22265,0
22266,0
22267,0
22268,1
22269,0
22270,0
22271,0
22273,0
22274,0
22275,0
22276,1
22278,0
22280,0
22283,1
22285,0
22286,0
22290,0
22294,1
22295,1
22296,0
22297,0
22299,0
22301,0
22302,0
22303,0
22304,1
22305,0
22306,1
22308,0
22310,0
22311,0
22315,0
22316,0
22318,0
22319,0
22321,0
22322,0
22323,0
22325,0
22326,1
22328,0
22329,0
22330,0
22331,0
22336,1
22338,0
22339,0
22340,1
22341,0
22342,1
22343,0
22344,1
22345,0
22346,0
22348,0
22351,0
22352,1
22353,0
22357,0
22359,0
22364,0
22367,0
22368,1
22370,0
22371,0
22373,1
22374,0
22375,0
22376,1
22377,0
22378,0
22379,0
22380,0
22381,0
22382,0
22385,0
22386,0
22388,0
22390,0
22391,1
22392,0
22393,0
22394,0
22395,0
22397,1
22399,0
22401,0
22402,0
22403,0
22404,0
22405,0
22406,0
22407,0
22409,0
22411,0
22414,0
22415,0
22417,0
22420,1
22421,1
22423,1
22427,0
22428,0
22429,0
22430,1
22431,0
22432,0
22435,0
22436,0
22437,0
22439,1
22444,0
22445,1
22446,0
22447,0
22448,0
22449,0
22450,0
22451,1
22454,0
22458,0
22459,1
22460,0
22464,1
22466,0
22468,0
22469,1
22470,0
22471,1
22472,0
22473,0
22474,0
22475,0
22477,1
22478,1
22479,0
22482,0
22483,0
22484,1
22485,0
22486,0
22488,0
22490,1
22491,0
22493,0
22494,0
22495,0
22497,0
22498,0
22499,0
22502,0
22503,0
22505,0
22506,0
22509,0
22512,0
22513,1
22514,0
22515,0
22516,0
22517,1
22518,0
22519,0
22520,0
22521,1
22522,0
22523,0
22526,0
22528,1
22532,0
22533,0
22534,0
22535,0
22537,0
22538,0
22539,0
22541,1
22543,0
22544,0
22546,0
22550,0
22551,1
22552,0
22553,0
22558,0
22559,0
22560,0
22561,1
22562,1
22563,0
22564,1
22565,0
22569,0
22570,1
22573,0
22574,1
22575,0
22578,1
22579,0
22580,0
22582,1
22583,0
22584,0
22585,0
22587,0
22588,0
22589,0
22590,0
22591,0
22592,0
22593,0
22594,0
22597,0
22598,0
22602,0
22603,0
22605,0
22608,0
22609,0
22610,0
22611,0
22614,1
22615,1
22617,0
22618,0
22619,0
22622,0
22623,0
22625,0
22627,1
22628,1
22629,1
22630,0
22631,0
22634,0
22636,0
22639,0
22640,0
22641,0
22643,0
22644,0
22646,0
22647,0
22648,0
22649,1
22651,1
22653,0
22654,1
22655,0
22656,0
22657,1
22658,0
22659,0
22660,0
22661,1
22662,1
22663,1
22664,1
22665,0
22667,0
22669,1
22671,1
22673,1
22674,0
22675,0
22676,0
22679,0
22683,0
22689,1
22690,0
22692,0
22695,0
22696,0
22697,0
22698,0
22699,0
22700,0
22704,0
22706,0
22707,1
22709,0
22711,0
22713,0
22714,0
22715,0
22716,0
22718,0
22719,0
22720,0
22721,0
22722,0
22729,1
22730,1
22732,1
22733,0
22734,0
22737,0
22739,1
22740,0
22741,0
22742,0
22743,0
22746,0
22747,0
22748,0
22749,0
22750,1
22751,0
22752,0
22753,0
22754,0
22755,0
22756,0
22757,1
22758,0
22760,1
22762,1
22764,1
22766,1
22767,0
22769,0
22770,0
22771,0
22772,0
22774,0
22775,1
22776,0
22777,0
22778,0
22779,0
22780,0
22781,1
22782,0
22783,0
22784,0
22786,1
22789,0
22790,1
22791,0
22792,0
22793,0
22794,0
22795,1
22797,0
22798,0
22799,0
22800,1
22802,0
22804,0
22805,0
22806,0
22808,0
22809,0
22811,1
22812,0
22813,0
22814,0
22815,0
22818,0
22819,0
22820,0
22823,1
22824,0
22825,0
22826,1
22831,0
22832,0
22834,1
22836,0
22837,0
22838,1
22839,0
22840,0
22841,0
22842,0
22844,0
22846,0
22848,0
22851,0
22854,0
22856,0
22858,0
22859,0
22861,1
22862,1
22863,0
22866,0
22868,0
22871,0
22872,0
22873,0
22875,0
22877,0
22880,0
22881,1
22882,0
22884,0
22885,0
22888,0
22891,0
22893,1
22894,0
22895,0
22897,1
22899,0
22900,1
22901,0
22902,0
22903,0
22904,1
22906,0
22907,0
22909,0
22911,0
22912,0
22913,0
22914,0
22915,0
22918,0
22919,1
22920,0
22921,0
22922,0
22926,0
22927,0
22928,0
22930,0
22931,0
22933,1
22934,0
22935,0
22936,0
22938,0
22939,0
22940,0
22941,0
22942,1
22944,0
22946,0
22947,0
22948,0
22949,0
22951,0
22955,0
22956,1
22958,0
22960,0
22962,0
22963,1
22964,1
22965,0
22966,0
22967,0
22968,0
22970,0
22971,0
22972,0
22973,0
22975,1
22977,0
22980,0
22981,1
22985,0
22986,0
22989,0
22993,1
22994,0
22995,0
22998,0
23000,0
23002,0
23004,0
23006,1
23007,0
23008,0
23009,1
23010,0
23013,0
23017,0
23018,1
23019,0
23020,0
23021,0
23024,0
23025,0
23026,0
23027,0
23029,0
23030,0
23031,1
23032,0
23033,1
23035,0
23038,0
23040,1
23042,0
23043,1
23044,0
23045,1
23047,0
23048,0
23049,1
23050,1
23051,0
23054,0
23055,0
23056,0
23060,0
23061,0
23064,0
23065,1
23068,1
23069,0
23070,0
23071,0
23078,0
23079,0
23080,0
23081,1
23082,1
23084,1
23085,0
23086,0
23087,0
23088,0
23089,0
23090,0
23091,1
23092,0
23093,0
23094,0
23095,0
23096,0
23097,0
23099,0
23100,0
23101,0
23104,0
23105,0
23107,0
23108,1
23111,1
23116,1
23117,0
23118,1
23119,0
23120,0
23121,0
23124,1
23126,0
23127,0
23129,1
23130,1
23132,0
23133,0
23134,0
23135,0
23136,0
23138,0
23140,0
23143,0
23145,0
23146,0
23147,1
23149,0
23150,0
23151,0
23152,0
23153,0
23154,0
23155,0
23159,0
23160,1
23161,0
23162,0
23163,0
23165,1
23166,0
23167,1
23168,0
23170,0
23171,0
23174,1
23176,1
23177,0
23179,1
23180,0
23182,1
23184,0
23185,0
23188,0
23189,0
23191,1
23192,0
23193,0
23194,0
23196,0
23199,0
23202,1
23203,0
23204,0
23211,0
23213,1
23214,0
23216,0
23219,0
23221,0
23222,1
23223,0
23224,0
23226,0
23228,0
23235,1
23237,0
23239,0
23240,1
23242,0
23244,0
23246,0
23247,0
23248,0
23251,1
23252,0
23254,0
23255,0
23256,0
23258,1
23259,0
23265,0
23267,0
23268,0
23269,0
23273,0
23276,0
23277,1
23278,0
23279,0
23280,0
23281,0
23283,0
23284,0
23287,1
23289,0
23292,1
23293,1
23294,0
23295,0
23296,0
23297,0
23300,1
23301,0
23302,0
23306,0
23307,1
23308,0
23309,1
23310,0
23311,0
23312,0
23314,0
23315,0
23316,0
23318,1
23319,1
23320,0
23322,1
23323,0
23324,1
23326,1
23327,0
23328,0
23329,1
23330,0
23332,1
23334,0
23336,0
23337,1
23338,0
23339,0
23340,1
23342,1
23343,0
23344,0
23345,0
23346,0
23347,1
23348,0
23349,0
23350,0
23352,1
23354,0
23356,1
23357,0
23358,0
23360,0
23362,1
23364,0
23365,0
23366,1
23367,0
23369,1
23372,0
23373,0
23375,0
23376,0
23377,1
23378,1
23379,0
23380,0
23383,0
23384,0
23385,0
23386,1
23387,0
23389,0
23390,0
23392,0
23393,0
23394,0
23396,0
23398,0
23401,0
23403,0
23405,1
23406,0
23407,1
23409,0
23410,1
23413,0
23415,1
23416,0
23418,0
23419,0
23420,0
23421,0
23422,0
23423,0
23425,0
23426,0
23427,0
23428,0
23429,0
23430,1
23432,0
23433,0
23438,1
23439,0
23440,1
23441,0
23442,0
23443,1
23446,0
23447,0
23449,0
23450,1
23451,0
23452,1
23453,0
23454,1
23455,0
23457,1
23458,0
23461,0
23463,0
23464,0
23465,1
23466,0
23467,0
23468,0
23469,0
23470,0
23471,0
23473,1
23474,0
23475,0
23476,0
23477,0
23478,0
23479,0
23481,0
23482,1
23483,0
23484,0
23485,0
23487,0
23488,0
23489,0
23490,0
23491,1
23492,0
23493,0
23494,0
23495,0
23496,0
23498,0
23499,0
23501,0
23503,0
23504,0
23505,0
23508,0
23509,0
23510,0
23511,0
23512,0
23513,0
23514,0
23516,0
23519,1
23521,0
23522,1
23524,0
23525,0
23528,0
23529,0
23532,0
23533,0
23535,0
23536,0
23537,0
23538,0
23541,1
23546,1
23550,0
23552,0
23553,0
23554,0
23558,0
23559,1
23561,0
23562,1
23563,0
23565,0
23566,0
23567,0
23569,0
23570,0
23572,0
23573,1
23574,1
23575,0
23576,0
23577,0
23579,0
23580,0
23582,1
23583,1
23584,0
23585,1
23589,0
23591,0
23592,0
23593,0
23594,0
23595,1
23596,0
23597,0
23600,0
23601,0
23602,1
23603,0
23605,0
23607,0
23608,0
23610,0
23611,1
23612,0
23614,0
23615,0
23616,0
23617,1
23618,0
23619,0
23621,0
23623,0
23624,1
23625,0
23626,0
23627,0
23628,1
23630,1
23631,0
23632,0
23633,1
23634,0
23638,0
23639,0
23640,0
23641,0
23642,0
23643,0
23644,0
23645,0
23647,0
23648,0
23653,0
23654,1
23656,0
23657,0
23658,0
23660,0
23662,1
23664,1
23665,0
23666,0
23667,0
23668,1
23669,0
23670,0
23671,0
23672,0
23673,0
23675,1
23677,0
23678,0
23681,0
23682,0
23683,0
23684,0
23685,0
23687,0
23688,1
23689,0
23691,0
23693,1
23696,0
23698,0
23699,0
23701,0
23703,1
23704,0
23705,0
23708,0
23709,0
23712,0
23713,0
23715,0
23717,1
23718,0
23719,0
23721,1
23722,0
23723,0
23724,1
23725,0
23726,0
23730,0
23731,0
23732,0
23733,0
23734,0
23737,1
23739,0
23740,0
23741,0
23743,1
23744,0
23746,0
23750,0
23752,1
23753,0
23755,0
23756,0
23757,1
23758,0
23759,1
23762,0
23764,1
23765,0
23766,0
23767,1
23769,0
23770,0
23771,0
23772,1
23773,1
23775,0
23778,0
23779,0
23781,1
23782,0
23783,1
23785,0
23787,1
23789,1
23790,0
23793,1
23795,0
23798,0
23799,0
23800,0
23802,0
23803,0
23805,0
23806,0
23807,0
23808,0
23811,0
23813,0
23814,0
23815,0
23816,1
23819,0
23821,0
23823,0
23825,0
23826,0
23827,0
23828,0
23829,0
23831,0
23832,0
23833,0
23837,0
23838,0
23839,0
23840,0
23841,0
23843,0
23844,0
23846,0
23847,0
23848,0
23849,0
23851,0
23852,0
23855,0
23857,0
23858,0
23860,0
23862,0
23864,1
23865,1
23866,1
23867,1
23869,0
23870,0
23871,1
23873,0
23875,0
23876,0
23878,0
23879,1
23880,0
23881,0
23883,1
23886,0
23887,0
23888,0
23890,0
23892,0
23893,0
23895,0
23897,0
23899,0
23900,0
23901,0
23902,1
23903,0
23904,0
23906,0
23907,0
23908,0
23910,0
23911,0
23912,0
23913,0
23916,0
23918,0
23921,0
23922,0
23924,1
23925,0
23926,0
23927,0
23928,1
23929,0
23931,0
23932,0
23933,1
23934,0
23937,0
23938,0
23939,1
23940,0
23941,0
23942,0
23943,0
23944,0
23945,0
23949,1
23950,1
23956,0
23960,0
23961,0
23963,0
23964,1
23965,1
23966,0
23967,0
23968,0
23969,1
23970,0
23971,1
23972,0
23974,0
23975,0
23976,0
23977,1
23979,0
23981,0
23983,0
23984,0
23987,1
23988,0
23989,0
23992,0
23993,1
23995,1
23998,0
23999,0
24000,1
24001,1
24002,1
24004,0
24005,0
24007,0
24008,0
24010,0
24011,0
24012,0
24016,0
24017,0
24019,0
24021,0
24022,0
24025,0
24027,0
24029,0
24031,1
24032,1
24033,0
24034,0
24035,1
24036,0
24039,0
24041,0
24044,0
24046,1
24047,0
24049,0
24050,0
24051,0
24053,1
24055,0
24056,0
24057,0
24062,1
24063,0
24064,0
24065,1
24067,1
24068,0
24069,0
24071,0
24072,0
24074,0
24075,0
24076,0
24077,1
24078,1
24079,0
24081,1
24082,0
24083,0
24084,1
24085,1
24086,0
24087,1
24088,0
24089,1
24090,0
24091,0
24092,1
24093,0
24095,0
24098,1
24099,0
24100,0
24102,0
24104,0
24105,0
24106,1
24107,0
24108,0
24109,1
24113,0
24114,1
24115,0
24117,0
24120,0
24121,0
24124,0
24126,0
24127,0
24128,0
24129,0
24130,0
24131,0
24132,0
24133,0
24134,0
24135,0
24136,0
24137,0
24141,0
24142,0
24143,0
24144,1
24146,1
24148,0
24151,0
24152,0
24154,0
24157,0
24158,1
24160,0
24161,0
24162,1
24163,0
24164,0
24165,0
24166,0
24167,0
24168,0
24169,1
24170,0
24173,1
24174,0
24176,0
24177,0
24179,0
24181,0
24182,1
24183,1
24184,0
24186,1
24187,0
24190,0
24191,0
24194,0
24195,0
24197,1
24200,0
24202,0
24203,0
24204,0
24205,0
24207,0
24208,0
24209,0
24211,0
24213,0
24214,0
24215,0
24216,0
24217,0
24220,0
24223,0
24224,0
24225,0
24226,0
24227,0
24228,0
24229,0
24232,0
24233,1
24235,0
24236,0
24239,0
24240,0
24241,0
24242,0
24243,0
24244,1
24245,0
24246,0
24248,0
24249,1
24250,0
24251,0
24252,0
24257,0
24258,0
24259,1
24263,0
24264,0
24266,0
24267,0
24268,0
24269,1
24270,0
24271,0
24272,0
24274,0
24276,0
24277,1
24280,0
24282,0
24283,0
24284,0
24285,0
24286,0
24288,1
24289,1
24290,1
24291,0
24292,0
24294,1
24298,1
24300,1
24301,0
24302,0
24304,0
24305,1
24306,0
24309,0
24310,1
24311,1
24313,0
24314,0
24316,0
24317,0
24318,1
24319,0
24322,1
24326,0
24327,0
24328,0
24330,0
24331,0
24332,0
24333,1
24334,0
24335,0
24337,0
24338,0
24340,0
24343,0
24345,0
24349,0
24350,0
24351,0
24352,1
24355,1
24357,0
24358,1
24359,0
24360,0
24361,0
24362,1
24364,0
24366,0
24367,1
24368,0
24369,0
24370,0
24371,0
24373,0
24375,0
24376,1
24377,1
24378,0
24379,0
24381,0
24382,0
24383,0
24386,0
24387,1
24388,0
24390,0
24391,0
24392,0
24393,0
24394,1
24395,0
24396,0
24398,1
24399,0
24400,0
24401,0
24403,0
24406,1
24407,0
24408,0
24409,1
24411,0
24417,0
24418,0
24419,0
24420,0
24421,0
24422,0
24423,0
24424,0
24425,0
24426,1
24428,1
24431,0
24432,1
24433,1
24434,0
24438,0
24442,1
24443,0
24444,0
24446,0
24447,0
24448,1
24449,0
24451,0
24452,1
24453,0
24455,0
24456,0
24459,1
24460,0
24461,0
24464,0
24466,1
24467,0
24468,0
24469,0
24470,0
24472,0
24474,0
24475,0
24476,1
24478,0
24479,0
24480,0
24481,0
24482,0
24483,0
24484,0
24485,0
24486,0
24487,0
24488,0
24489,0
24490,1
24491,0
24492,1
24494,0
24496,0
24497,0
24498,0
24500,0
24501,0
24502,0
24503,0
24504,1
24505,0
24506,0
24507,1
24508,0
24511,0
24512,1
24514,0
24516,0
24518,0
24519,0
24521,1
24522,1
24523,1
24524,1
24525,0
24527,0
24528,0
24529,0
24530,0
24531,1
24534,1
24535,0
24536,1
24537,1
24538,0
24541,0
24542,0
24543,0
24545,0
24546,0
24548,0
24550,0
24551,1
24553,0
24554,1
24556,0
24557,0
24558,0
24560,0
24562,0
24563,0
24564,1
24566,0
24567,1
24568,0
24569,0
24570,1
24573,0
24574,0
24576,0
24578,0
24579,1
24581,0
24582,0
24583,0
24584,0
24586,0
24588,0
24591,0
24595,0
24597,0
24598,1
24599,1
24601,0
24603,0
24604,0
24607,1
24609,0
24610,1
24612,0
24613,0
24616,0
24617,0
24618,1
24620,0
24621,0
24622,0
24623,0
24624,1
24628,0
24629,0
24630,0
24631,0
24632,0
24633,1
24637,1
24638,0
24642,0
24644,1
24646,0
24649,0
24650,0
24651,0
24652,0
24653,1
24655,0
24656,0
24658,0
24659,0
24660,0
24661,0
24662,0
24663,0
24664,0
24665,0
24668,0
24669,0
24670,0
24671,0
24672,0
24673,0
24674,0
24677,1
24678,0
24680,0
24684,0
24685,0
24686,1
24687,0
24688,0
24694,0
24695,1
24696,1
24697,0
24698,1
24700,0
24701,0
24702,0
24703,0
24705,0
24706,1
24707,0
24708,0
24711,0
24714,0
24715,0
24716,1
24717,1
24718,1
24720,0
24723,0
24725,0
24726,0
24727,0
24728,0
24729,0
24732,1
24733,0
24734,1
24736,0
24737,0
24740,0
24741,0
24742,1
24743,0
24744,0
24746,0
24748,0
24750,0
24751,0
24754,1
24755,0
24756,0
24758,0
24761,0
24764,0
24766,1
24767,0
24768,0
24769,0
24770,0
24771,1
24772,0
24773,1
24774,0
24775,0
24776,1
24777,1
24778,1
24779,0
24780,1
24782,0
24783,0
24784,0
24789,1
24790,1
24793,0
24795,1
24797,0
24798,0
24799,1
24800,1
24801,0
24802,0
24803,0
24804,0
24805,0
24806,0
24808,0
24809,0
24811,0
24812,1
24813,0
24816,1
24818,1
24820,0
24822,0
24824,0
24825,0
24826,0
24827,0
24828,0
24830,0
24831,1
24832,1
24833,0
24834,0
24835,0
24836,1
24837,1
24838,0
24839,0
24840,0
24841,1
24842,1
24844,0
24847,0
24849,0
24850,0
24852,1
24855,1
24857,0
24859,0
24861,0
24863,1
24864,0
24866,0
24870,0
24872,0
24873,0
24876,0
24877,1
24878,0
24879,0
24883,0
24884,0
24885,0
24886,0
24887,1
24889,0
24890,1
24893,0
24894,0
24896,0
24897,0
24899,0
24900,0
24902,0
24903,0
24904,0
24905,1
24906,0
24908,0
24909,0
24910,0
24911,0
24912,1
24913,0
24914,1
24917,0
24921,1
24922,0
24923,0
24924,1
24925,0
24926,0
24930,0
24931,0
24932,0
24933,0
24935,0
24936,0
24937,0
24938,1
24939,0
24940,0
24941,1
24944,0
24945,0
24947,1
24949,0
24950,0
24952,1
24953,1
24954,0
24956,1
24957,0
24959,0
24960,0
24961,0
24963,1
24964,1
24966,0
24967,0
24968,0
24969,0
24971,0
24972,1
24974,1
24978,0
24979,0
24981,1
24982,0
24983,0
24984,0
24987,0
24988,0
24989,1
24990,0
24991,0
24992,0
24993,0
24994,0
24995,0
24998,0
20082,0
20138,0
20147,1
20237,0
20370,0
20629,0
20707,0
20712,0
20733,0
20823,0
20826,0
20848,0
21055,0
21264,0
21295,0
21336,0
21364,0
21622,0
21631,0
21718,0
21736,0
21771,0
21920,1
21925,0
22112,0
22179,1
22210,0
22279,0
22508,0
22540,1
22572,1
22645,1
22723,0
22787,1
22923,1
22945,0
23075,0
23110,0
23142,0
23164,0
23201,1
23303,1
23545,0
23690,0
23697,0
23850,1
24014,0
24058,1
24153,1
24221,0
24341,0
24471,0
24499,0
24753,0
24765,1
24868,0
24973,0
24985,0
